domain,dr,monthly_traffic,top_geos,monthly_traffic_2
site-01.example,53,58237,CA;US;GB,
site-02.example,53,34781,US;AU;GB,
site-03.example,36,54184,CA;US;GB,
site-04.example,36,7668,CA;US;GB,
site-05.example,44,10792,US;GB;CA,
site-06.example,59,54560,US;GB;CA,
site-07.example,50,31187,US;AU;GB,
site-08.example,25,56006,US;GB;CA,
site-09.example,28,3836,US;AU;GB,
site-10.example,40,40796,US;GB;CA,
site-11.example,54,22883,CA;US;GB,
site-12.example,62,56709,US;AU;GB,
site-13.example,58,16812,GB;US;IE,
site-14.example,56,1801,US;GB;CA,
site-15.example,54,44413,GB;US;IE,
site-16.example,51,37627,US;GB;CA,
site-17.example,41,22162,US;AU;GB,
site-18.example,57,20442,US;GB;CA,
site-19.example,29,38406,US;GB;CA,
site-20.example,50,8564,GB;US;IE,
site-21.example,49,5879,US;GB;CA,
site-22.example,25,15492,US;AU;GB,
site-23.example,28,32301,CA;US;GB,
site-24.example,50,29011,US;GB;CA,
site-25.example,61,42751,US;AU;GB,
site-26.example,42,23578,US;GB;CA,
site-27.example,44,23296,US;GB;CA,
site-28.example,51,51178,US;GB;CA,
site-29.example,33,17647,US;GB;CA,
site-30.example,25,5425,CA;US;GB,
low-dr-demo.example,8,4000,US;GB,
low-traffic-demo.example,30,120,US;CA,90.0
traffic-disagree-demo.example,35,300,US;AU,4200.0
wrong-geo-demo.example,40,9000,IN;PK;BD,
synthetic-demo-01.wordpress.com,45,3000,US;GB,
forum-demo.xx,40,3000,US;GB,
203.0.113.7,30,2000,US;GB,
blocked-demo.example,50,8000,US;GB,
stopped-demo.example,50,8000,US;GB,
overused-demo.example,42,7000,US;GB,
