link_url,author,post_date,target_url
https://site-17.example/thread/23230-71,author_c,2026-09-25,https://client.example/page
https://site-07.example/thread/77380-17,author_a,2026-09-21,https://client.example/page
https://stopped-demo.example/thread/55677-53,author_b,2026-09-26,https://client.example/page
https://overused-demo.example/thread/34683-32,author_b,2026-09-14,https://client.example/page
https://overused-demo.example/thread/78316-44,author_b,2026-09-02,https://client.example/page
https://site-21.example/thread/51299-5,author_a,2026-09-04,https://client.example/page
https://site-13.example/thread/88280-75,author_c,2026-09-09,https://client.example/page
https://site-22.example/thread/81184-70,author_c,2026-09-07,https://client.example/page
https://site-15.example/thread/17675-20,author_a,2026-09-19,https://client.example/page
https://site-22.example/thread/74307-2,author_a,2026-09-07,https://client.example/page
https://site-03.example/thread/10736-16,author_a,2026-09-03,https://client.example/page
https://overused-demo.example/thread/13083-42,author_b,2026-09-12,https://client.example/page
https://site-16.example/thread/46972-81,author_c,2026-09-27,https://client.example/page
https://stopped-demo.example/thread/82914-55,author_b,2026-09-22,https://client.example/page
https://site-07.example/thread/18848-80,author_c,2026-09-05,https://client.example/page
https://overused-demo.example/thread/33645-39,author_b,2026-09-02,https://client.example/page
https://overused-demo.example/thread/99170-37,author_b,2026-09-01,https://client.example/page
https://synthetic-demo-01.wordpress.com/thread/34532-68,author_b,2026-09-01,https://client.example/page
https://site-02.example/thread/50699-56,author_b,2026-09-19,https://client.example/page
https://blocked-demo.example/thread/89900-90,author_c,2026-09-23,https://client.example/page
https://site-26.example/thread/78691-8,author_a,2026-09-10,https://client.example/page
https://site-22.example/thread/51883-28,author_a,2026-09-16,https://client.example/page
https://overused-demo.example/thread/70599-41,author_b,2026-09-19,https://client.example/page
https://blocked-demo.example/thread/45776-51,author_b,2026-09-12,https://client.example/page
https://overused-demo.example/thread/36283-38,author_b,2026-09-14,https://client.example/page
https://site-30.example/thread/30934-24,author_a,2026-09-27,https://client.example/page
https://site-29.example/thread/29074-78,author_c,2026-09-13,https://client.example/page
https://low-dr-demo.example/thread/37454-89,author_c,2026-09-28,https://client.example/page
https://site-16.example/thread/76310-21,author_a,2026-09-05,https://client.example/page
https://site-03.example/thread/44273-60,author_b,2026-09-13,https://client.example/page
https://overused-demo.example/thread/60027-43,author_b,2026-09-11,https://client.example/page
https://site-28.example/thread/51606-22,author_a,2026-09-06,https://client.example/page
https://blocked-demo.example/thread/64207-47,author_b,2026-09-03,https://client.example/page
https://site-01.example/thread/80805-57,author_b,2026-09-03,https://client.example/page
https://wrong-geo-demo.example/thread/64039-65,author_b,2026-09-01,https://client.example/page
https://site-07.example/thread/58873-13,author_a,2026-09-09,https://client.example/page
https://forum-demo.xx/thread/15293-30,author_a,2026-09-02,https://client.example/page
https://low-dr-demo.example/thread/56241-29,author_a,2026-09-02,https://client.example/page
https://site-29.example/thread/3573-9,author_a,2026-09-07,https://client.example/page
https://site-08.example/thread/77429-79,author_c,2026-09-11,https://client.example/page
https://site-21.example/thread/73604-27,author_a,2026-09-07,https://client.example/page
https://site-13.example/thread/56149-6,author_a,2026-09-07,https://client.example/page
https://stopped-demo.example/thread/66526-54,author_b,2026-09-19,https://client.example/page
https://wrong-geo-demo.example/thread/92532-66,author_b,2026-09-04,https://client.example/page
https://site-20.example/thread/85126-11,author_a,2026-09-19,https://client.example/page
https://203.0.113.7/thread/89099-87,author_c,2026-09-11,https://client.example/page
https://low-traffic-demo.example/thread/41663-64,author_b,2026-09-20,https://client.example/page
https://overused-demo.example/thread/95418-34,author_b,2026-09-03,https://client.example/page
https://overused-demo.example/thread/63232-45,author_b,2026-09-12,https://client.example/page
https://site-29.example/thread/45895-72,author_c,2026-09-22,https://client.example/page
https://site-21.example/thread/21202-23,author_a,2026-09-10,https://client.example/page
https://blocked-demo.example/thread/97600-50,author_b,2026-09-02,https://client.example/page
https://site-29.example/thread/6317-82,author_c,2026-09-23,https://client.example/page
https://traffic-disagree-demo.example/thread/37066-85,author_c,2026-09-07,https://client.example/page
https://low-traffic-demo.example/thread/68986-63,author_b,2026-09-25,https://client.example/page
https://traffic-disagree-demo.example/thread/51141-86,author_c,2026-09-21,https://client.example/page
https://low-traffic-demo.example/thread/58740-62,author_b,2026-09-15,https://client.example/page
https://site-26.example/thread/99910-77,author_c,2026-09-07,https://client.example/page
https://site-07.example/thread/84122-76,author_c,2026-09-14,https://client.example/page
https://blocked-demo.example/thread/10864-49,author_b,2026-09-15,https://client.example/page
https://site-26.example/thread/64808-1,author_a,2026-09-06,https://client.example/page
https://low-dr-demo.example/thread/42988-88,author_c,2026-09-03,https://client.example/page
https://site-04.example/thread/6519-12,author_a,2026-09-05,https://client.example/page
https://overused-demo.example/thread/39461-33,author_b,2026-09-17,https://client.example/page
https://site-03.example/thread/91984-61,author_b,2026-09-19,https://client.example/page
https://synthetic-demo-01.wordpress.com/thread/81544-67,author_b,2026-09-22,https://client.example/page
https://site-07.example/thread/21771-26,author_a,2026-09-24,https://client.example/page
https://site-06.example/thread/52678-10,author_a,2026-09-28,https://client.example/page
https://blocked-demo.example/thread/42799-48,author_b,2026-09-05,https://client.example/page
https://site-12.example/thread/40456-69,author_c,2026-09-05,https://client.example/page
https://site-01.example/thread/80997-14,author_a,2026-09-11,https://client.example/page
https://site-01.example/thread/12881-58,author_b,2026-09-21,https://client.example/page
https://site-27.example/thread/39839-15,author_a,2026-09-13,https://client.example/page
https://site-01.example/thread/36362-7,author_a,2026-09-28,https://client.example/page
https://site-12.example/thread/49719-19,author_a,2026-09-20,https://client.example/page
https://no-metrics-demo.example/thread/32248-31,author_a,2026-09-24,https://client.example/page
https://overused-demo.example/thread/30936-35,author_b,2026-09-16,https://client.example/page
https://site-24.example/thread/18166-4,author_a,2026-09-14,https://client.example/page
https://site-20.example/thread/33702-25,author_a,2026-09-24,https://client.example/page
https://site-01.example/thread/34712-59,author_b,2026-09-14,https://client.example/page
https://stopped-demo.example/thread/90803-52,author_b,2026-09-16,https://client.example/page
https://site-08.example/thread/3032-18,author_a,2026-09-20,https://client.example/page
https://site-03.example/thread/37280-83,author_c,2026-09-27,https://client.example/page
https://site-15.example/thread/67698-3,author_a,2026-09-07,https://client.example/page
https://site-30.example/thread/58924-73,author_c,2026-09-16,https://client.example/page
https://site-06.example/thread/15788-84,author_c,2026-09-15,https://client.example/page
https://overused-demo.example/thread/24101-40,author_b,2026-09-10,https://client.example/page
https://blocked-demo.example/thread/5396-46,author_b,2026-09-01,https://client.example/page
https://site-29.example/thread/32651-74,author_c,2026-09-11,https://client.example/page
https://overused-demo.example/thread/37728-36,author_b,2026-09-07,https://client.example/page
